word,count
"a",1025
"a-bawling",1
"a-bubble",1
"a-building",1
"a-cursing",1
"a-high",1
"a-horseback",2
"a-nesting",1
"a-pairing",1
"a-prick",1
"a-singing",1
"a-tolling",1
"a-wandering",1
"a-weary",1
"aback",1
"abated",1
"abbey",3
"abbot",3
"abed",2
"abide",4
"abiding",6
"able",4
"aboard",4
"about",80
"above",57
"abroad",5
"absent",1
"accompanied",3
"accompanying",1
"accomplished",1
"accorded",2
"according",11
"account",3
"accounted",1
"accursed",3
"accustomed",3
"ached",1
"achieve",3
"achieved",5
"achievement",1
"achieving",1
"achilles",1
"aching",1
"across",5
"added",1
"ado",2
"adown",2
"adread",1
"adrunken",1
"advantage",2
"adventure",21
"adventures",7
"adventuring",1
"adying",1
"aengus",1
"afar",3
"afeard",1
"afeared",3
"affrighted",1
"afoot",3
"aforesaid",1
"aforetime",18
"afraid",5
"afresh",2
"after",88
"afternoon",1
"afterward",4
"afterwards",17
"again",178
"against",69
"age",2
"agleam",1
"ago",1
"agony",2
"agree",1
"agreed",3
"agrief",1
"ah",3
"ahorse",2
"aid",1
"ailinn",13
"ails",1
"aimed",1
"air",17
"aithne",119
"aithne's",3
"aladore",53
"aladore_01",1
"aladore_02",1
"aladore_03",1
"aladore_04",1
"aladore_05",1
"aladore_06",1
"aladore_07",1
"aladore_08",1
"aladore_09",1
"aladore_10",1
"aladore_11",1
"aladore_12",1
"aladore_13",1
"aladore_14",1
"aladore_15",1
"ale-knights",1
"alighted",1
"alike",4
"aline",3
"alive",2
"all",333
"allegiance",1
"alley",1
"almost",1
"aloft",1
"alone",29
"along",9
"aloud",9
"already",4
"also",160
"alt",15
"altar",9
"altogether",1
"always",19
"am",27
"amazed",4
"amazement",2
"ambush",2
"amend",1
"amidst",4
"amiss",1
"among",63
"amongst",2
"an",86
"ancient",6
"ancientry",2
"and",4958
"anear",1
"anew",2
"anger",8
"angered",3
"angriest",1
"angrily",3
"angry",2
"anguishment",1
"anon",3
"another",66
"another's",1
"answer",14
"answered",66
"answering",3
"antiphony",1
"ants",1
"any",27
"anything",2
"apace",1
"apart",8
"apparelled",4
"appetite",1
"apple",2
"apples",1
"appointed",5
"appointing",1
"approve",1
"april",1
"araby",1
"arcady",1
"archbishop",19
"archers",2
"archway",1
"ardour",1
"are",111
"aringing",1
"arisen",1
"arm",3
"armed",6
"armour",9
"armoured",1
"arms",16
"arose",2
"around",1
"arow",1
"arrayed",4
"arrow",1
"arrows",3
"arroy",1
"artificers",1
"as",561
"ashamed",2
"ashes",1
"ashlings",1
"aside",5
"ask",12
"asked",48
"asking's",2
"asleep",3
"aspect",1
"assault",2
"assent",2
"assented",3
"assigned",1
"assotted",3
"assurance",1
"astonished",22
"astounded",1
"astray",1
"at",204
"ate",9
"athwart",1
"attain",1
"attire",1
"aucassin",1
"avoidance",1
"awaiting",1
"awake",1
"awaked",1
"awakened",1
"aware",8
"away",34
"aweary",4
"awful",1
"awhile",1
"awoke",19
"axe",5
"axes",1
"ay",1
"babble",1
"babbling",1
"babe",1
"babes",2
"babylon",1
"back",22
"backs",1
"backward",2
"backwardly",1
"backwards",1
"bade",16
"badge",2
"badges",2
"bagpipes",1
"baile",1
"bailey",2
"baldrick",1
"balk",1
"banded",1
"bands",5
"bane",1
"banish",2
"banished",8
"banishing",1
"bank",22
"banks",1
"banner",8
"banneret",1
"bar",1
"bare",11
"bargain",1
"bark",1
"barking",2
"barley",4
"barn",1
"barred",1
"barren",2
"barriers",2
"bars",1
"bartholomy",27
"bastions",1
"bathe",1
"bathing",1
"bathstead",2
"battered",2
"battle",15
"battlements",7
"bawling",1
"bay",1
"bays",1
"be",257
"be-bled",2
"beach",5
"beads",1
"beam",3
"beams",1
"bear",4
"beard",3
"beards",3
"bearing",2
"bears",1
"beast",8
"beastly",1
"beasts",8
"beat",7
"beaten",4
"beating",2
"beats",1
"beaucaire",1
"beautiful",6
"beauty",13
"became",11
"because",22
"bechanced",2
"become",12
"becomes",1
"becomingly",1
"bed",8
"bedabbled",1
"bedrenched",1
"beds",2
"bedside",2
"bedumbed",1
"bee",1
"beech-tree",2
"beech-trees",1
"beechen",3
"beeches",3
"beechroots",1
"been",75
"bees",3
"befall",2
"befallen",4
"befell",3
"before",165
"began",58
"begin",2
"beginner",1
"beginning",8
"begone",2
"begun",1
"beheld",14
"behind",25
"behold",5
"behoved",2
"being",10
"belief",1
"believe",5
"believed",8
"belike",13
"bell",22
"bell-bound",1
"bell-ringing",1
"bellbound",1
"bells",20
"beloved",22
"below",17
"belt",1
"belted",1
"belting",1
"bench",1
"bending",1
"beneath",39
"benothinged",1
"bent",4
"bents",1
"berry",1
"beseech",2
"beseen",2
"beset",2
"beside",60
"besides",1
"best",8
"bestirred",1
"bestowed",1
"bethink",1
"bethought",3
"betimes",2
"betokens",1
"betook",1
"betrayed",2
"better",15
"bettered",2
"betters",1
"between",49
"bewildered",1
"bewilderment",1
"beyond",46
"bid",4
"bidden",3
"bidding",2
"bier",9
"big",1
"bigness",4
"bird",3
"bird-marks",1
"birds",8
"birth",3
"bishops",1
"bit",3
"bite",1
"bites",1
"bitter",2
"bitterly",2
"bitterness",2
"black",31
"blackened",1
"blamed",1
"blanket",1
"blare",1
"blared",1
"blasphemer",1
"bleating",3
"blessing",1
"blethered",1
"blew",5
"blind",4
"blinded",2
"blindfold",2
"blindly",1
"blindness",1
"blood",34
"bloodheat",1
"blossom",2
"blow",2
"blowing",7
"blown",7
"blue",8
"board",4
"boats",1
"bodli",6
"body",12
"bodycords",1
"boldly",2
"boles",1
"bolted",1
"bondage",1
"bonds",2
"bones",5
"book",12
"books",1
"booming",1
"boon",1
"border",10
"bordure",1
"bordures",2
"bore",10
"born",12
"borne",1
"boskage",2
"bosom",1
"both",58
"bottom",3
"boughs",1
"bound",4
"bounden",3
"bounds",1
"bow",1
"bowed",4
"bower",1
"bowing",1
"bowl",3
"bowls",1
"bowstrings",1
"boy",41
"boy's",3
"boys",2
"branches",1
"brass",1
"bravely",1
"bravery",2
"bread",13
"break",9
"breaking",4
"breast",5
"breath",11
"breathe",3
"breathing",1
"bred",1
"breeding",1
"brethren",1
"bridle-rein",1
"bridle-reins",1
"bridled",1
"bright",17
"brighter",1
"brightness",4
"brim",2
"bring",12
"brings",1
"brisk",1
"broad",7
"broceliande",2
"broidered",1
"broidering",1
"broidery",3
"broke",8
"broken",10
"brokenly",1
"bronze",3
"brook",3
"brother",5
"brother's",3
"brothers",2
"brought",42
"brown",5
"bruise",1
"bruised",1
"brynhild",2
"buffeted",1
"build",5
"builded",5
"built",2
"bull",1
"bulwarked",1
"burbling",3
"burden",4
"burial",1
"buried",2
"burn",1
"burned",2
"burning",10
"burst",2
"bursting",2
"bushel",1
"bushes",2
"busier",1
"busily",5
"business",6
"busy",2
"busyness",1
"but",635
"butting",1
"button",2
"buzzard",1
"by",387
"byway",1
"byword",1
"cage",1
"cake",2
"call",8
"called",41
"calling",4
"came",371
"can",12
"candle",2
"candle-shine",1
"candles",8
"candlesticks",1
"cannot",5
"canopies",2
"canopy",2
"cap",1
"captain",1
"captivity",1
"care",3
"cared",3
"careful",1
"carefully",1
"carefulness",2
"careless",1
"carelessly",2
"carles",1
"carried",5
"carry",2
"carved",1
"carven",8
"case",6
"cast",26
"casting",1
"castle",36
"cat",2
"cattle",2
"caught",8
"cause",8
"cave",2
"cease",1
"ceased",25
"ceasing",2
"cedar",2
"ceremonies",1
"certain",15
"certainly",8
"certainty",9
"chafed",1
"chain",1
"chains",3
"chair",4
"chamber",27
"chambers",3
"chance",6
"change",8
"changed",20
"changes",1
"changing",1
"chant",1
"chanted",3
"chanting",1
"chapel",16
"chapels",1
"chariots",1
"charters",1
"chasing",1
"chattered",1
"cheapened",1
"checked",1
"cheeks",1
"cheer",1
"cheerily",1
"chequer",6
"chequy",1
"cherish",1
"chess",6
"chest",4
"chidden",1
"chief",3
"chiefly",2
"child",46
"child's",1
"childhood",5
"children",27
"children's",1
"chime",1
"chiming",1
"chimney",1
"chipwise",1
"chirp",1
"chirruping",1
"choice",4
"choir",1
"choked",4
"choose",4
"chosen",2
"church",1
"churches",1
"cicalas",1
"circle",1
"cities",2
"city",133
"cityward",2
"clad",2
"clamour",1
"clamoured",1
"clamouring",4
"clanked",2
"clanking",2
"clatter",1
"clean",4
"clear",25
"cleared",1
"clearer",1
"clearly",7
"clearness",2
"clergy",5
"cliff",12
"climb",2
"climbed",8
"climbing",2
"clinked",1
"cloak",9
"cloaks",1
"cloister",4
"close",12
"closed",4
"closing",1
"cloth",3
"clothes",4
"cloud",22
"clouds",2
"cloudy",2
"clumped",1
"clung",1
"coals",1
"coast",5
"coasted",1
"coasting",1
"coat",1
"coats",2
"cobweb",1
"cock",2
"cold",14
"coldened",1
"colder",1
"coldly",1
"coldness",3
"collar",1
"colour",14
"coloured",1
"colours",11
"comb",5
"come",136
"comely",2
"comes",7
"cometh",2
"comfort",14
"comfortably",1
"comforted",9
"coming",12
"command",3
"commanded",3
"common",4
"commonly",1
"commons",5
"companies",13
"companionship",2
"company",43
"compass",1
"compassed",2
"compassionate",1
"complaint",1
"concerning",14
"concourse",3
"confirmed",1
"confusion",1
"conquest",2
"consented",1
"consider",2
"considered",6
"considers",1
"consorted",1
"constellation",1
"constellations",2
"content",8
"continually",20
"continuance",1
"continue",1
"continued",25
"contrived",1
"converse",3
"cool",7
"coolness",2
"corn",2
"cot",1
"cotes",1
"cots",1
"could",50
"counsel",19
"counselled",4
"counsels",1
"count",5
"counted",5
"countenance",2
"counter",1
"counter-coloured",1
"counterpart",1
"counting",3
"countless",2
"countries",1
"country",14
"courage",5
"course",2
"court",5
"courteous",4
"courteously",11
"courtesy",5
"courts",2
"courtyard",6
"cover",2
"covered",8
"covering",1
"covers",1
"covert",1
"covertly",1
"cowslips",1
"crack",1
"crackled",1
"cradle",1
"craft",3
"craftily",1
"creature",1
"creatures",2
"creep",1
"creeping",1
"creeps",1
"crept",4
"crescent",1
"cried",20
"crier",1
"crimson",1
"criseyde",1
"crook",2
"crooks",2
"cropping",1
"crow",2
"crowd",13
"crowing",2
"crown",3
"crowned",1
"crowns",2
"cruel",2
"crumb",1
"crumble",1
"crumbled",1
"crumbs",1
"crust",1
"cry",9
"crying",7
"crypt",2
"crystal",1
"cuchulain",1
"cunning",2
"cup",6
"cupboard",1
"cups",1
"curdled",1
"curdling",1
"curiously",3
"curse",2
"cursed",1
"curses",4
"cursing",1
"curtain",1
"custom",23
"custom's",1
"customary",1
"customs",9
"cut",4
"cutting",1
"cypresses",4
"dabbled",1
"daedala",2
"daedalus",3
"daily",5
"dais",3
"daisies",1
"dale",3
"dame",9
"damsel",1
"damsels",4
"dance",2
"danced",2
"dancers",1
"dancing",5
"danger",6
"dangerous",1
"dare",3
"dared",1
"daring",1
"dark",11
"darken",1
"darkened",4
"darkling",2
"darkly",4
"darkness",20
"daughter",9
"dawn",16
"day",62
"day's",1
"daybreak",1
"daylight",1
"days",26
"dazed",2
"dazzle",1
"dazzled",1
"dead",22
"deaf",3
"deal",15
"dealer",1
"dealing",11
"dealings",2
"deals",1
"dealt",2
"dear",2
"dearly",1
"death",26
"deathwardly",1
"debate",1
"deceived",4
"deceivingly",1
"deck",1
"decked",1
"declare",1
"decoy",1
"deeds",4
"deem",1
"deemed",2
"deeming",5
"deep",14
"deepened",2
"deepest",1
"deeply",3
"deepness",1
"deer",1
"defended",1
"defied",1
"deirdre",1
"delayed",2
"delectable",4
"delicately",1
"delight",4
"delights",1
"deliver",1
"deliverance",2
"delivered",1
"demanded",5
"denied",1
"dennis",20
"depart",4
"departed",14
"departing",6
"departs",1
"depth",3
"descended",1
"desert",1
"deserted",1
"deserve",1
"desire",47
"desired",9
"despair",6
"desperate",2
"despite",3
"devices",2
"devise",1
"devised",7
"devising",2
"dew",2
"dial",1
"diapered",1
"did",14
"die",4
"died",3
"differed",1
"difference",1
"dignity",1
"dim",4
"dimly",1
"dimness",5
"dine",1
"dined",1
"dinner",3
"dipped",1
"disarmed",1
"discomfited",4
"discourse",1
"discoursed",1
"disease",2
"diseased",1
"dishes",1
"dismayed",1
"dismissed",1
"disobedience",1
"disordered",1
"disorderly",1
"displayed",1
"displeased",1
"displeasure",1
"dispute",2
"distance",3
"distinction",1
"distraught",1
"distressed",1
"disturber",1
"divers",5
"diverse",9
"diversely",2
"diversity",1
"divided",6
"divined",1
"division",2
"do",46
"doctor",1
"doctors",1
"doctrine",1
"doers",1
"does",2
"dog",6
"dog's",1
"dogs",1
"doing",6
"dolorous",1
"dolorously",1
"dome",1
"domes",1
"done",30
"donged",1
"doom",1
"dooms",1
"door",42
"doors",4
"doorway",12
"double",2
"doubt",19
"doubted",9
"doubtful",1
"doubtfully",1
"doubting",2
"doubtless",2
"down",97
"downcried",1
"downland",1
"downright",1
"downs",1
"downward",6
"downwards",3
"dozen",1
"dragged",1
"drank",8
"drave",1
"draw",3
"drawing",1
"drawn",3
"dread",5
"dreaded",1
"dream",34
"dreamage",1
"dreamed",5
"dreamer",1
"dreaming",2
"dreams",15
"dreary",2
"dressed",1
"drew",32
"dried",1
"drifted",1
"drink",4
"drinking",5
"drive",1
"driven",2
"driving",2
"droning",2
"dropped",2
"drops",1
"drove",1
"drowned",3
"drowsihood",1
"drowsiness",1
"drowsy",1
"drunk",2
"dry",1
"dryads",1
"dryness",2
"due",2
"duke",1
"dumb",1
"dumbly",2
"dumbness",1
"dungeons",1
"dunnocks",1
"durance",1
"dureth",1
"during",1
"durst",1
"dusk",9
"dust",11
"dust-heap",1
"dusty",1
"dwell",11
"dwelling",7
"dwelt",7
"each",27
"eager",1
"eagle",16
"eagles",29
"ear",2
"early",6
"earnestly",1
"ears",16
"earth",22
"earthly",9
"earthward",1
"ease",4
"easily",5
"east",4
"eastward",1
"easy",2
"eat",5
"eaten",4
"eating",6
"ebbed",1
"echoes",2
"eddying",1
"eden",1
"edge",7
"edges",4
"edgeworn",1
"effigy",1
"egg",2
"eggs",1
"eight",1
"eighteen",1
"eirene",2
"either",7
"elder",1
"elders",2
"elfin",1
"elm-tree",1
"elmtree",1
"else",21
"elsewhere",1
"elves",1
"embassage",1
"embers",3
"embowed",1
"empanelled",1
"emprise",3
"emptied",1
"empty",2
"enchanted",1
"enchantment",8
"enchantments",7
"encountered",1
"end",40
"ended",3
"endless",1
"endlong",2
"endmost",1
"ends",1
"endurance",3
"endure",3
"endured",3
"enduring",3
"enemies",16
"enemy",6
"engraven",1
"enough",23
"enraged",1
"enriched",1
"enter",8
"entered",29
"entrance",2
"entrapped",1
"entreated",5
"entreaty",2
"entwined",1
"envied",1
"enwrapped",1
"equal",1
"error",1
"escape",5
"escaped",5
"escaping",1
"especial",5
"especially",2
"espial",1
"espied",1
"esquire",1
"establish",1
"estate",1
"even",30
"evening",14
"ever",26
"ever-during",1
"every",46
"everywhere",1
"evil",21
"evilly",2
"ewers",1
"exceeding",3
"exceedingly",2
"excellence",1
"except",6
"excuse",3
"eye",3
"eyes",83
"face",58
"faces",23
"fade",1
"faded",6
"fading",1
"faery",8
"fail",2
"failed",5
"fails",1
"fain",1
"faint",4
"fainter",1
"fair",5
"fairest",1
"faith",7
"faithful",2
"fall",10
"fallen",7
"falling",7
"falls",2
"false",1
"fame",1
"fantasy",1
"far",42
"fare",2
"fared",1
"farewell",4
"farmer",2
"farmer's",1
"farmstead",1
"farmwife",2
"farther",6
"farthest",1
"fashion",23
"fashioned",4
"fast",23
"fastened",1
"faster",4
"fasting",1
"fat",2
"fate",1
"father",7
"father's",1
"fathers",3
"fault",1
"faun",14
"faun's",1
"fauns",17
"favour",4
"favour's",1
"favoured",5
"fay",1
"fays",4
"fear",37
"feared",7
"fearful",1
"fearfulness",1
"fearing",1
"fears",1
"feast",3
"feasting",3
"feasts",1
"feathered",1
"feathering",1
"fedelm",2
"fedelma",1
"feeble",2
"feebler",1
"feed",2
"feeding",2
"feeds",1
"feel",1
"feet",39
"feigning",2
"fell",45
"felled",1
"fellow",4
"fellow-pilgrim",1
"fellows",3
"fellowship",18
"felt",7
"fence",1
"fern",1
"festival",3
"fetch",1
"fetched",1
"few",10
"fewer",1
"field",6
"fields",1
"fierce",4
"fiercely",6
"fiercer",1
"fiery",1
"fight",5
"fighter",1
"fighting",19
"fights",1
"file",15
"fill",2
"filled",12
"finches",1
"find",31
"fine",3
"finger",2
"fingers",2
"finished",1
"fir-trees",1
"fire",22
"fires",1
"firmly",3
"first",52
"fish",3
"fish-net",1
"fishes",1
"fists",1
"fit",2
"fitter",1
"fitting",1
"five",8
"fixedly",1
"flags",2
"flame",10
"flames",2
"flare",1
"flatling",1
"fled",1
"fleece",1
"flesh",8
"flew",6
"flight",2
"flitting",1
"float",1
"floating",1
"floats",1
"flock",2
"flood",1
"floor",8
"flow",1
"flowed",1
"flower",3
"flowers",12
"flowing",2
"fluttered",3
"fluttering",1
"fly",5
"flying",7
"foam",3
"foam-flocked",1
"folded",2
"folk",14
"follow",11
"followed",16
"following",3
"folly",6
"food",2
"fool",3
"foolishly",1
"fools",2
"foot",7
"foot-mark",1
"footfall",1
"foothills",4
"footprint",1
"footprints",1
"footsore",1
"for",957
"forbear",2
"forbidden",6
"force",8
"forded",1
"fordone",3
"foreboding",1
"forefront",2
"forehead",1
"forest",9
"forests",1
"forethought",1
"forfeit",1
"forgetfulness",3
"forgive",3
"forgiveness",2
"forgot",13
"forgotten",11
"forked",1
"forlorn",1
"form",8
"former",7
"formerly",1
"forsake",3
"forsaken",4
"forsook",3
"forswear",1
"forswore",1
"forth",69
"forthright",1
"forthwith",1
"fortieth",1
"fortune",14
"fortuned",5
"fortunes",1
"forty",2
"forwandered",1
"forward",32
"fought",14
"foul",1
"found",62
"founded",1
"fountain",10
"four",9
"fourth",1
"fowling",1
"fowls",4
"fox",2
"fragrance",1
"frame",2
"free",8
"freedom",2
"freely",3
"fresh",4
"freshly",1
"freshness",1
"friend",12
"friends",13
"friendship",6
"frighten",1
"fro",7
"from",230
"front",1
"froth",2
"frowning",1
"frozen",2
"fruit",2
"fulfil",1
"fulfilled",4
"full",21
"fully",1
"fulness",1
"furiously",4
"furled",1
"furlong",1
"furlongs",1
"furnished",5
"furrow",1
"further",11
"furthermore",1
"fury",1
"gain",2
"gained",1
"gainsaying",1
"gait",1
"gallery",3
"galloping",2
"game",18
"games",1
"gard",8
"garden",8
"gardens",3
"garments",1
"gate",43
"gatehouse",4
"gates",3
"gateway",7
"gather",1
"gathered",15
"gathering",2
"gathers",1
"gave",44
"gaze",1
"gear",2
"general",1
"generation",1
"gentle",4
"gentleness",1
"gently",2
"get",1
"giant",1
"giants",1
"gibbered",1
"gibed",1
"gift",14
"gifts",4
"girdle",1
"girl",1
"give",16
"given",18
"givers",1
"gives",1
"giving",10
"glad",7
"gladly",7
"gladness",4
"glare",1
"glass",5
"glassy",2
"gleaming",1
"glimmered",1
"glimmering",1
"glint",1
"glints",1
"glistening",1
"glittered",1
"glittering",1
"glorified",1
"glory",1
"glowed",2
"glowing",2
"gluttony",1
"gnawed",1
"go",97
"goat",1
"goat-footed",1
"goatkneed",1
"goatmen",1
"god",2
"god's",1
"godliness",1
"godly",1
"gods",8
"goers",1
"goes",10
"going",39
"gold",32
"golden",11
"gone",55
"good",57
"good-morrow",1
"good-speed",1
"goodliness",2
"goodly",2
"goods",1
"gossamer",1
"got",9
"governance",1
"government",1
"gowns",1
"grace",1
"grain",2
"grains",1
"grandeur",1
"granted",1
"grass",12
"grave",4
"gravely",1
"great",158
"greatening",1
"greater",10
"greatest",1
"greatly",11
"greatness",2
"greedily",1
"green",26
"greenery",1
"greenwood",1
"greeted",8
"greeting",6
"grew",4
"grey",17
"greyness",1
"grief",4
"grieve",1
"grinned",1
"grinning",1
"grins",1
"grips",1
"grits",1
"groaned",5
"groping",1
"ground",24
"grove",7
"grovelling",1
"growled",1
"growling",2
"grown",6
"grows",1
"growth",1
"grubbled",1
"grubbles",1
"guard",4
"guarded",3
"guards",1
"gudrun",11
"gudrun's",1
"guess",3
"guessed",1
"guest",1
"guests",2
"guide",2
"guides",1
"guilty",1
"guinevere",2
"gulf",1
"gusty",1
"ha",1
"habit",1
"habited",2
"had",421
"hadijeh",1
"hair",7
"hairy",1
"halberdiers",3
"halberds",1
"half",9
"half-an-hour",1
"halflight",1
"hall",46
"halls",1
"hallway",1
"halted",1
"hams",1
"hand",101
"handfast",1
"handiwork",1
"handled",3
"hands",27
"hanging",2
"hap",2
"haphazard",1
"happed",1
"happen",2
"happened",3
"happens",2
"hard",35
"hardened",1
"hardihood",1
"hardly",3
"harmony",1
"harper",1
"harpers",1
"harsh",1
"has",16
"haste",6
"hastened",5
"hastily",6
"hat",9
"hate",1
"hated",8
"hateful",1
"haters",1
"hath",20
"hatred",3
"haunt",1
"haunteth",1
"have",175
"having",3
"hawk",1
"hay",1
"hazard",2
"hazardous",1
"haze",1
"he",1939
"head",30
"headlong",1
"heads",9
"healed",1
"heap",1
"hear",29
"heard",110
"hearing",7
"hearken",1
"hears",1
"heart",87
"heart's",1
"hearth",3
"hearthstone",2
"heartily",2
"heartiness",1
"hearts",4
"heartstrings",1
"hearty",1
"heat",2
"heath",2
"heather",3
"heaven",7
"heavier",4
"heavily",4
"heaviness",1
"heavy",8
"hedge",1
"heed",2
"height",5
"heir",1
"heirs",1
"held",29
"helen",1
"helm",1
"helmet",1
"help",6
"hence",2
"henceforth",2
"her",389
"herald",2
"herd",1
"herd-girl",3
"herdholt",3
"herdsman",1
"here",24
"herein",2
"hereunder",1
"heritage",5
"hermit",69
"hermit's",6
"hermitage",1
"hermits",2
"hers",1
"herself",9
"hew",2
"hewed",2
"heyday",1
"hid",6
"hidden",2
"hiding",2
"high",50
"high-road",4
"higher",1
"hill",13
"hills",13
"hillside",5
"hillward",1
"hilt",1
"him",884
"himself",55
"hindered",1
"hindrance",1
"hinges",2
"his",936
"hither",16
"hitherward",1
"hoar",4
"hog",1
"hogshead",1
"hoised",2
"hold",16
"holding",2
"hollow",6
"hollows",1
"holpen",3
"home",10
"homeless",2
"homestead",1
"homeward",3
"homing",1
"honey",3
"honey-bee",1
"honour",8
"honouring",1
"hood",2
"hoods",2
"hoof",2
"hope",21
"hoped",2
"hopes",1
"hoping",1
"hopped",1
"horn",30
"horns",1
"horse",12
"horses",4
"host",1
"hot",3
"hotly",4
"hotter",1
"hound",2
"hounds",3
"hour",24
"hour's",1
"hours",5
"hours'",1
"house",61
"household",3
"houses",1
"hovered",1
"how",168
"howbeit",10
"howl",1
"howled",1
"howling",7
"html",15
"hubert",48
"hue",1
"human",1
"humbly",2
"humming",2
"hundred",11
"hundredfold",1
"hundreds",1
"hundredth",1
"hung",4
"hunger",1
"hungered",1
"hungry",1
"hunted",1
"hunter",1
"hunter's",1
"hunting",5
"hunting-knife",1
"huntsman",1
"hurrying",1
"hurt",3
"hurtle",1
"hurtled",1
"hurtling",1
"husband",3
"hushed",2
"hut",6
"hymn",1
"hyperenor",17
"i",238
"icelander",1
"id",15
"idly",1
"if",46
"ilex-trees",1
"ill",8
"ills",3
"illustration",30
"illustration01",1
"illustration02",1
"illustration03",1
"illustration04",1
"illustration05",1
"illustration06",1
"illustration07",1
"illustration08",1
"illustration09",1
"illustration10",1
"illustration11",1
"illustration12",1
"illustration13",1
"illustration14",1
"illustration15",1
"image",11
"images",2
"imagination",4
"imagine",1
"immediately",17
"impiety",1
"impossible",2
"in",854
"inch",2
"include",15
"increased",2
"increases",1
"indeed",2
"indignation",2
"ingibiorg",2
"inherit",2
"inheritance",1
"inheritors",1
"inner",1
"innocency",1
"innumerable",1
"inshore",1
"instant",12
"instantly",8
"instead",5
"intended",1
"intent",8
"intention",1
"into",158
"inventions",2
"inward",1
"inwardly",5
"ireland",2
"iron",2
"ironwork",1
"is",314
"island",2
"islands",1
"isle",3
"isles",2
"isoud",2
"issued",3
"it",864
"ivory",1
"jason",1
"jeered",1
"jesting",1
"jewel",1
"jogging",1
"joined",1
"jostled",1
"jot",1
"journey",6
"journeyed",1
"journeying",1
"joy",28
"joyance",1
"joyed",1
"joyful",3
"joyfully",10
"joyous",1
"joyously",2
"joys",1
"jpg",15
"judged",2
"judging",2
"judgment",1
"just",1
"justice",1
"keep",13
"keeping",1
"kept",20
"kerioc",14
"key",8
"keys",6
"kiartan",12
"kick",1
"kicking",1
"kids",1
"killed",1
"kin",3
"kind",7
"kindled",5
"kindling",1
"kindly",8
"kindness",3
"kindred",2
"kinds",2
"kine",1
"king",3
"kingcups",1
"kingdom",1
"kings",1
"kissed",7
"kisses",3
"knee",1
"kneel",1
"kneeled",3
"kneeling",1
"knees",6
"knelt",1
"knew",118
"knife",9
"knight",5
"knight's",2
"knighthood",1
"knights",11
"knock",2
"knocked",3
"knole",1
"knot",1
"knotted",2
"know",47
"knowing",1
"knowledge",12
"known",14
"knows",6
"labour",1
"lace",1
"lack",4
"lacked",2
"lad",1
"ladies",1
"lady",70
"lady's",7
"lady-smocks",1
"lagging",1
"laid",26
"lambs",1
"lame",1
"lamented",1
"lamp",3
"lancelot",2
"land",52
"lands",9
"landward",1
"lantern",2
"lanthorn",2
"lanthorns",1
"lapping",1
"large",2
"last",48
"late",4
"lattice",1
"laugh",1
"laughed",22
"laughing",2
"laughter",8
"laurels",2
"law",2
"law-breaker",1
"lawful",1
"lawn",4
"lay",65
"laying",1
"laylock",5
"lead",4
"leading",1
"leaf",2
"league",1
"lean",1
"leaned",12
"leaped",2
"leaping",4
"leaps",4
"leapt",10
"learn",3
"learned",4
"leash",1
"least",1
"leave",19
"leaves",4
"led",18
"left",67
"legs",1
"leila",1
"length",1
"less",2
"lesser",1
"lest",13
"let",16
"letters",2
"level",1
"levelled",1
"licked",1
"lie",3
"liege",1
"lies",4
"liever",1
"life",68
"life-days",7
"lift",1
"lifted",6
"lifting",3
"light",42
"lighten",2
"lightened",7
"lightly",15
"lightning",1
"lights",13
"like",154
"likelihood",4
"likeness",5
"likewise",3
"line",4
"lineage",4
"lines",3
"lingered",2
"lintel",1
"lips",6
"listen",1
"listened",4
"listening",1
"lists",2
"lit",4
"little",91
"live",14
"lived",5
"lively",1
"livery",1
"lives",3
"living",15
"lizard",1
"locked",3
"lodged",1
"lodging",1
"logs",1
"loneliness",8
"lonely",5
"long",78
"longed",5
"longer",14
"longing",7
"look",28
"looked",214
"looking",36
"looks",4
"loosed",5
"loosened",1
"lopped",1
"lord",21
"lord's",2
"lords",7
"lordship",2
"lose",3
"lost",14
"lot",2
"loth",1
"lotment",2
"lotting",1
"loud",3
"louder",6
"loudly",6
"love",42
"loved",26
"loveliness",3
"lovely",2
"lover",6
"lovers",12
"loving",2
"lovingly",3
"low",4
"lowest",2
"lozengy",1
"lugaidh",1
"lullaby",1
"lulled",1
"lulls",1
"lust",1
"lusty",1
"lute",5
"lutes",2
"lutestrings",1
"lying",9
"mad",1
"madam",1
"made",98
"madness",8
"magic",17
"magical",1
"maid",7
"maiden",3
"maidenhood",1
"maidens",15
"maids",1
"majnun",1
"make",31
"making",10
"malady",2
"malice",5
"man",133
"man's",11
"manch",1
"mane",1
"manifestly",1
"manlike",1
"manner",62
"many",69
"marble",1
"march",1
"marched",2
"marching",2
"margent",7
"margin",1
"mark",3
"marked",3
"market",1
"market-place",12
"marriage",5
"marrow",1
"marshalled",1
"marshals",2
"marvel",13
"marvelled",11
"marvelling",1
"marvellous",6
"marvellously",2
"marvels",1
"massy",1
"mast",2
"master",7
"mastery",6
"masts",1
"matched",4
"mate",1
"mated",1
"matter",16
"matters",5
"maurice",8
"may",52
"me",64
"meadow",7
"meadow-ground",1
"meadows",4
"meal",3
"mean",2
"meaning",10
"means",7
"meant",1
"measure",6
"measured",1
"meat",7
"meats",1
"mechaneme",1
"mechanemes",1
"medea",1
"meditation",3
"meet",17
"meeting",2
"meets",1
"memorial",1
"memory",15
"men",121
"men's",2
"men-at-arms",1
"mention",1
"mercy",2
"merrily",3
"merriness",1
"merry",4
"messenger",3
"met",12
"metals",1
"methought",1
"midday",1
"middle",3
"midmost",1
"midnight",8
"midst",8
"midsummer",1
"might",98
"mightily",2
"mighty",1
"mile",5
"milk",3
"milkwort",1
"million",2
"millstones",1
"mind",46
"minded",5
"mine",11
"mingled",11
"mingling",1
"minished",2
"minnow",2
"minnows",1
"minstrels",4
"mirror",8
"mirrors",1
"mirth",7
"misadventure",1
"misdoubt",1
"misdoubted",3
"miserable",1
"misery",4
"misgave",1
"misshapen",1
"mist",19
"moaning",1
"mocked",1
"mocking",1
"moment",30
"momently",1
"money",3
"month",1
"moon",31
"moon's",1
"moonlight",13
"moonrise",1
"moonrising",1
"moor",1
"more",116
"moreover",14
"morn",1
"morning",19
"morrow",8
"mort",1
"mortified",1
"most",21
"mother",12
"mother's",2
"mothers'",1
"motion",2
"mouldering",1
"mound",5
"mounds",1
"mount",1
"mountain-side",1
"mountains",1
"mounted",1
"mouth",9
"move",8
"moved",23
"moving",4
"much",20
"mullion",1
"multiplied",1
"multitude",8
"murder",1
"murmur",1
"murmured",3
"murmuring",1
"mused",5
"mushrooms",1
"music",17
"musing",7
"must",25
"muttered",1
"my",86
"myself",3
"naked",5
"name",37
"named",21
"namely",7
"names",7
"naoise",1
"nape",1
"napery",1
"narrow",1
"narrowly",1
"nature",12
"nay",6
"near",29
"nearer",12
"necessity",3
"neck",5
"need",15
"neighbours",1
"neither",46
"net",1
"never",33
"nevertheless",7
"new",21
"new-fallen",1
"newly",1
"newness",2
"next",1
"niamh",1
"nick",1
"nicolette",1
"nigh",4
"night",45
"nightfall",1
"nights",2
"nine",4
"ninth",1
"no",301
"noble",2
"nobleness",1
"noblest",1
"nodded",6
"noise",26
"none",45
"noon",9
"noonday",1
"nor",78
"norroway",2
"north",1
"nose",1
"nosed",1
"nosing",1
"not",394
"notable",1
"notch",1
"note",1
"notes",1
"nothing",44
"notwithstanding",13
"nought",4
"nourished",1
"now",116
"nowise",5
"number",5
"nurse",4
"nurtured",1
"nuts",1
"o",16
"oak",1
"oarage",1
"oars",1
"oarsmen",1
"obedience",4
"obey",1
"obeyed",1
"observance",1
"odds",2
"of",1869
"off",38
"offend",1
"offended",1
"offenders",1
"offered",2
"office",3
"often",4
"oftentimes",1
"ogier",7
"olaf's",1
"old",65
"older",2
"on",144
"once",9
"one",247
"ones",16
"only",94
"onward",3
"open",20
"opened",17
"openly",2
"or",97
"ordained",1
"order",9
"ordered",1
"ordering",1
"orderly",2
"ordinance",8
"oreads",2
"oriel",1
"other",85
"others",19
"otherwhere",6
"otherwise",7
"otters",1
"ought",1
"our",25
"ours",3
"ourselves",1
"out",137
"outdure",1
"outer",1
"outlander",1
"outlandish",1
"outrageous",1
"outrageously",1
"outrageousness",1
"outreasoned",1
"outrun",1
"outward",1
"outwards",1
"outwearied",1
"outwore",1
"over",61
"over-lords",1
"overflowed",1
"overhead",1
"overlaid",1
"overlooked",1
"overmuch",2
"overnight",1
"overtake",1
"overtaken",1
"overtops",1
"own",83
"ox-drove",4
"pace",1
"paces",2
"pages",2
"pain",22
"pains",1
"painted",2
"palace",1
"paladore",68
"pale",3
"pall",5
"panikos",1
"paniskos",1
"paradise",2
"parcel",1
"pardon",1
"paris",1
"park",3
"part",25
"partakers",1
"parted",9
"parting",3
"parts",1
"party",6
"pass",7
"passed",38
"passing",9
"past",26
"pastime",7
"pasture",2
"pastures",1
"path",11
"patiently",3
"pattern",2
"pawn",3
"pawns",1
"peace",19
"peacocks",1
"peal",1
"pear",1
"peasen",1
"pebbles",1
"peer",1
"peered",3
"peering",4
"pennon",1
"pennyworth",1
"people",11
"perceive",7
"perceived",82
"perchance",4
"perfect",1
"perfectly",1
"perforce",3
"peril",7
"perilous",2
"perils",1
"perish",1
"perished",7
"perishes",1
"perishing",2
"perplexed",4
"perplexity",5
"persons",1
"persuaded",2
"phantoms",1
"picture",5
"pictures",1
"piece",5
"piecemeal",2
"pieces",2
"pierce",2
"pierced",3
"piercing",1
"pigeons",1
"pilgrim",10
"pilgrimage",20
"pilgrims",1
"pillow",1
"pine-needles",1
"pine-tree",1
"pines",3
"pinions",1
"pious",1
"pipe",6
"piped",2
"piper",2
"pipes",2
"piping",4
"pitch",2
"piteous",1
"piteously",1
"pitiful",1
"pitifully",1
"pits",2
"pity",10
"pixies",1
"place",92
"places",3
"plain",14
"plainly",15
"planes",1
"plates",1
"platter",1
"play",7
"played",3
"playfellow",1
"playing",12
"pleached",1
"pleasant",1
"pleasantly",3
"please",3
"pleased",4
"pleasing",1
"pleasure",13
"plenished",1
"plenteously",1
"plenty",3
"plucked",1
"plume",1
"point",3
"pointed",3
"points",1
"poison",1
"ponder",1
"pondered",1
"pondering",1
"pool",17
"pools",1
"poor",2
"poorly",1
"poplar",1
"poplars",1
"porter",6
"portion",1
"possession",1
"possessions",2
"post",1
"postern",2
"posts",1
"poured",3
"power",11
"practised",1
"praise",2
"praised",2
"praising",1
"pray",2
"prayed",5
"praying",1
"preened",1
"presence",3
"present",3
"presently",12
"press",1
"pressed",5
"prevail",2
"prevailed",2
"pricked",5
"pride",1
"prince",39
"prince's",1
"princes",4
"prising",1
"privily",1
"profit",3
"promise",6
"promises",1
"proper",4
"properties",1
"prosper",1
"proud",3
"proudly",1
"prove",3
"proved",2
"provided",2
"prow",1
"public",1
"pulse",1
"punished",2
"punishment",1
"purple",4
"purpose",6
"purr",1
"push",1
"pushed",2
"put",23
"quarrel",4
"quarter",2
"quarters",1
"queen",4
"queens",1
"quench",1
"quenched",1
"question",9
"questioned",1
"questioning",2
"questions",5
"quick",3
"quickened",4
"quicker",1
"quickly",40
"quickset",1
"quiet",5
"quietly",1
"quietness",1
"quivered",1
"quivering",1
"rabbit",1
"racing",1
"radiance",1
"rage",2
"raged",2
"raging",1
"raiment",1
"rain",3
"rainald",32
"rainbow",1
"raise",2
"raised",1
"ramping",1
"ran",36
"random",2
"rang",6
"rankled",1
"ransomed",1
"rather",6
"ravening",1
"raw",1
"re-made",1
"read",3
"readily",1
"reading",2
"ready",9
"realm",3
"realms",3
"reason",37
"reasonable",1
"reasonably",2
"reasoned",2
"reasoning",1
"reasons",4
"rebuked",2
"rebuking",1
"rebutted",1
"receive",1
"received",8
"recked",1
"reckoned",1
"reckoning",2
"recover",2
"recovered",1
"recovery",1
"red",10
"reed",1
"reeds",4
"refna",1
"regarded",4
"region",3
"regions",1
"rehearsed",1
"rejoice",1
"rejoiced",2
"religious",2
"remain",1
"remained",1
"remember",4
"remembered",42
"remembering",1
"remembrance",14
"reminding",1
"remnant",1
"renewed",1
"renown",4
"repentance",1
"repented",2
"report",4
"reported",2
"repute",4
"request",2
"requiring",1
"rescue",3
"resistance",2
"resorted",1
"respect",1
"response",1
"rest",18
"rested",2
"restless",6
"restlessness",1
"return",9
"returned",11
"returning",5
"reverence",7
"reward",1
"rhymer",2
"rhymer's",10
"rhymers",1
"ribs",2
"rich",6
"richly",3
"ride",1
"ridge",7
"ridge-tile",1
"ridgewise",1
"riding",3
"right",35
"rights",1
"ring",7
"ring-doves",1
"ringing",3
"ripple",1
"rise",6
"risen",2
"rising",8
"river",20
"rivers",1
"road",22
"roads",1
"roar",1
"roaring",1
"robe",3
"robed",1
"robes",1
"rock",7
"rocked",4
"rocks",5
"rocky",1
"rode",10
"rogues",1
"roll",1
"rolled",7
"rolling",5
"roof",4
"roofs",3
"rooks",1
"room",2
"root",1
"roots",2
"rope",2
"ropes",1
"rose",37
"rose-hips",1
"rotten",1
"roughness",1
"round",11
"rounded",1
"roundly",1
"row",1
"rowan-tree",1
"rows",1
"royal",1
"rubbed",1
"ruddy",1
"ruin",1
"rule",2
"ruled",1
"run",7
"rung",2
"runnel",3
"running",13
"runs",2
"rushed",2
"rushes",2
"rushing",1
"rust",1
"rustled",1
"rustling",4
"ruth",1
"sable",4
"sad",4
"saddle",2
"saddled",1
"sadly",2
"sadness",2
"safely",1
"said",278
"sail",4
"sailed",1
"sailing",2
"sails",3
"saints",4
"sake",11
"sale",1
"salt",1
"salute",1
"saluted",1
"same",46
"sanctuary",3
"sand",10
"sand-hills",3
"sands",10
"sang",16
"sank",3
"sat",37
"satisfied",1
"save",35
"saving",1
"saw",311
"say",24
"saying",24
"sayings",2
"says",1
"scanned",1
"scant",1
"scantily",1
"scantly",1
"scarce",1
"scarlet",2
"scattering",1
"school",1
"schools",1
"score",2
"scorn",2
"scornfully",2
"scutcheon",3
"sea",52
"sea-birds",2
"sea-tide",1
"search",2
"seasons",2
"seat",2
"seated",2
"seaward",6
"second",7
"secondly",3
"secret",14
"secretly",3
"secrets",1
"sedge",1
"see",73
"seeing",30
"seek",11
"seeker",1
"seeking",10
"seem",3
"seemed",46
"seeming",22
"seemly",1
"seems",1
"seen",50
"sees",2
"seething",1
"seisin",1
"semblance",14
"send",3
"sending",1
"sense",1
"senses",1
"sent",5
"sentence",1
"sentences",1
"serpents",1
"servant",2
"servants",5
"serve",10
"served",2
"serveth",1
"service",5
"serving",1
"servitors",1
"set",46
"setting",3
"setting-place",1
"seven",13
"seventh",1
"several",5
"severed",1
"shade",2
"shading",2
"shadow",20
"shadowed",1
"shadows",16
"shadowy",2
"shafts",1
"shaken",3
"shall",74
"shallow",2
"shame",5
"shamed",3
"shames",1
"shanks",2
"shape",3
"shaped",1
"shapen",1
"shapes",5
"share",1
"sharp",3
"sharply",1
"she",349
"sheath",4
"sheep",14
"sheep-fold",1
"sheepstead",1
"sheer",1
"shell",1
"shells",1
"shelter",2
"shepherd",1
"shepherd's",4
"shepherdess",6
"shepherdine",8
"shepherding",1
"shepherds",6
"shewed",1
"shield",6
"shimmering",1
"shining",10
"ship",13
"ships",2
"shirts",1
"shivered",1
"shivering",1
"shoes",1
"shone",2
"shook",2
"shoot",2
"shore",11
"short",6
"shortly",3
"should",109
"shoulder",2
"shouldered",1
"shoulders",4
"shout",1
"shouted",9
"shouting",14
"show",10
"showed",26
"showers",1
"shown",4
"shows",1
"shrewdly",1
"shrieking",1
"shrieks",1
"shrine",1
"shrunk",1
"shrunken",1
"shut",12
"sick",2
"sickness",1
"side",48
"sides",2
"sidhe",3
"sigh",2
"sighed",6
"sighing",1
"sight",21
"sightless",1
"sign",13
"signs",1
"sigurd",2
"silence",14
"silent",10
"silently",4
"silk",3
"silken",3
"sill",3
"silver",19
"silver-birches",1
"silvery",1
"sin",3
"since",17
"sinews",1
"sing",4
"singing",17
"sir",65
"sister",3
"sit",4
"sitting",11
"six",6
"skein",1
"skill",6
"skin",1
"sky",28
"slacken",1
"slackened",1
"slain",5
"slant-wise",1
"slapped",1
"slave",1
"sleep",23
"sleeping",8
"sleeping-room",1
"slender",1
"slept",13
"slight",1
"slighted",1
"slope",1
"sloped",1
"slopes",1
"slow",6
"slower",1
"slowly",11
"slowness",1
"sluggards",1
"sluice",1
"slumber",1
"slumberers",1
"slunk",1
"slyly",2
"small",18
"smallened",1
"smaller",1
"smelt",1
"smiled",11
"smiling",2
"smite",1
"smiting",1
"smoke",9
"smooth",3
"smoothly",1
"smote",5
"smoulder",1
"snare",1
"snared",2
"snatched",1
"snout",1
"snow",11
"snug",1
"so",323
"sobbing",1
"soft",5
"softened",1
"softer",1
"softly",11
"softness",2
"soiled",1
"solace",3
"solaced",1
"solemn",2
"solemnly",1
"solitariness",1
"solitary",1
"solitude",4
"solomon",1
"sombre",1
"sombrely",1
"some",72
"something",2
"somewhat",13
"somewhile",1
"son",10
"song",15
"sons",5
"soon",4
"sorceries",1
"sorcery",1
"sorrow",13
"sorrowful",1
"sorrows",2
"sorry",3
"sort",6
"sorts",2
"sought",9
"soul",6
"souls",3
"sound",52
"sounded",5
"sounding",4
"south",6
"southing",2
"southward",2
"sovranty",1
"space",25
"spaces",1
"span",3
"spangled",1
"sparkling",1
"sparks",1
"sparrow",1
"sparrow-chirp",1
"speak",27
"speaking",19
"spear",1
"spearheads",1
"spearman",1
"spearmen",8
"spears",8
"special",1
"speech",11
"speed",4
"speedily",1
"spell",2
"spend",1
"spent",1
"spiders",1
"spied",2
"spin",1
"spired",1
"spires",1
"spirit",18
"spirits",4
"spite",1
"splashed",1
"splashing",1
"spoke",84
"spoken",14
"sport",1
"sported",2
"sporting",1
"sprang",1
"spread",1
"spreading",1
"spring",6
"springing",1
"springs",2
"sprinkled",1
"spur",1
"spurs",3
"spying",1
"square",1
"squarely",2
"squat",1
"squirrel",4
"staff",6
"staggered",1
"staggering",1
"stairs",1
"stakes",1
"stall",4
"stalls",3
"stand",6
"standing",14
"stands",3
"star",5
"staring",5
"starlight",4
"starry",3
"stars",16
"started",11
"state",1
"stature",3
"stay",10
"stayed",22
"steadfastly",2
"steading",2
"steadings",1
"stealing",1
"stealth",1
"stedfast",1
"steel",1
"steep",24
"steeper",1
"steeply",1
"stem",1
"stems",1
"step",8
"stepped",2
"stepping",1
"stepping-stones",7
"steps",22
"stern",1
"steward",5
"sticks",1
"stiffly",1
"still",66
"stilled",2
"stillness",1
"stilly",2
"stint",2
"stir",4
"stirred",5
"stirring",5
"stockishly",1
"stone",20
"stones",5
"stood",124
"stooped",8
"storm",2
"story",1
"stoutly",1
"straight",2
"strain",1
"strained",2
"straining",1
"strand",1
"strange",17
"strangely",3
"stranger",3
"strangers",3
"straw",2
"stream",15
"streaming",1
"street",8
"streets",3
"strength",15
"stress",1
"stretched",3
"strictly",1
"striding",1
"strife",4
"strike",4
"strikes",1
"string",1
"striplings",1
"strive",2
"striving",2
"strode",3
"stroke",9
"stroked",1
"strokes",2
"strong",13
"stronger",4
"stronghold",1
"strongly",13
"strove",3
"struck",7
"struggled",2
"struggling",1
"studied",1
"study",2
"stumbling",2
"stung",1
"subdue",3
"subdued",1
"subjection",1
"substance",7
"substantial",1
"succour",1
"such",62
"sudden",9
"suddenly",48
"suffer",3
"suffered",4
"suffice",1
"suffices",1
"sufficient",1
"sullenly",1
"sulney",10
"sum",1
"summer",7
"summon",1
"summoned",1
"summoner",1
"sun",44
"sun-rising",1
"sun-setting",1
"sunburnt",1
"sung",1
"sunlight",12
"sunrise",5
"sunset",8
"sunsetting",1
"sunshine",1
"sup",2
"supped",2
"supper",8
"supper-time",1
"suppertime",1
"suppose",2
"supposed",11
"surcoats",1
"sure",3
"surely",7
"surety",1
"survivors",1
"sustained",1
"sustenance",1
"swallows",1
"swans",2
"sward",1
"sware",1
"swashers",1
"swayed",1
"sweat",1
"sweet",20
"sweetly",1
"sweetness",4
"swelled",1
"swiftly",26
"swiftness",1
"swine",2
"swirled",1
"sword",9
"swords",6
"swore",1
"sworn",4
"swung",5
"table",13
"tables",3
"tail",1
"take",28
"taken",9
"takes",1
"taking",4
"tale",10
"tales",2
"talk",4
"talked",9
"talking",7
"tall",5
"taller",1
"tame",1
"tameable",1
"tangle",1
"tangled",3
"taste",2
"teach",1
"teaching",1
"tear",1
"tears",1
"teeth",3
"tell",44
"teller",1
"telling",5
"ten",4
"tended",1
"tender",2
"tenderly",1
"tenderness",1
"terrible",1
"terror",3
"tethered",1
"than",41
"thank",1
"thanked",4
"thanks",5
"that",1154
"the",3568
"thee",4
"their",291
"theirs",1
"them",462
"themselves",12
"then",432
"thence",6
"thenceforth",1
"there",363
"thereabout",1
"thereafter",12
"thereas",1
"thereat",13
"thereby",24
"therefor",1
"therefore",9
"therefrom",8
"therein",45
"thereof",20
"thereon",15
"thereout",1
"thereover",1
"thereto",28
"thereunder",3
"thereupon",3
"therewith",26
"these",37
"they",822
"thick",6
"thickest",1
"thicket",4
"thickets",2
"thickly",3
"thickness",1
"thigh",2
"thin",3
"thing",34
"things",46
"think",7
"thinking",9
"third",16
"thirdly",1
"this",209
"thistles",3
"thither",15
"thitherward",1
"thong",3
"thorleik's",1
"thorn",1
"thorn-tree",5
"thorns",1
"those",65
"though",70
"thought",89
"thoughts",6
"thousand",2
"thousands",1
"thread",2
"threadworn",1
"three",33
"threshold",1
"threw",8
"thrice",5
"throat",5
"throng",1
"thronged",2
"thronging",1
"through",43
"throughout",3
"throw",2
"thrown",1
"thrust",5
"thrusting",3
"thunder",3
"thus",3
"thy",7
"thyme",2
"tickled",1
"tide",10
"tidings",4
"tie",1
"tiles",1
"till",6
"tiller",1
"timbers",1
"time",116
"times",26
"to",1156
"to-day",4
"to-morrow",3
"together",96
"token",8
"tokens",4
"told",54
"tolling",5
"tomb",6
"tombs",1
"tomorrow",1
"tongue",8
"too",7
"took",98
"tooth",1
"toothless",1
"top",6
"topmost",4
"toppled",1
"torch",2
"torches",3
"tore",1
"tossed",1
"touch",4
"touched",13
"tourney",2
"toward",16
"towards",38
"tower",52
"towers",9
"town",2
"townsfolk",1
"toy",1
"toys",2
"tracery",1
"track",2
"trade",1
"trail",3
"train",7
"trampled",1
"tranquil",1
"transgression",2
"transitory",2
"trapped",2
"treading",1
"treason",3
"tree",15
"trees",20
"tremble",2
"trembled",12
"trembling",2
"trespassing",1
"trial",1
"tristram",2
"trod",3
"troilus",2
"trouble",3
"troubled",7
"trout",1
"troy",2
"truants",1
"truce",1
"true",14
"truly",4
"trumpeters",1
"trumpets",3
"trusted",1
"truth",30
"tryst",3
"tumbled",3
"tumbling",1
"tumult",2
"tune",2
"tuneably",1
"turbulent",1
"turn",6
"turned",57
"turning",4
"turns",2
"turquin",2
"twain",4
"twelve",1
"twentieth",1
"twenty",5
"twice",4
"twilight",6
"two",116
"umbrage",1
"unarmed",1
"unaware",2
"unawares",1
"unbarred",1
"unborn",1
"unclean",1
"uncomplaining",1
"under",40
"underfoot",1
"underprops",1
"understand",4
"understanded",2
"understanding",9
"understands",1
"understood",3
"undone",2
"ungentle",1
"unharassed",1
"unharnessed",1
"unknowing",3
"unknown",5
"unlatched",1
"unlawful",1
"unlikeness",1
"unlocked",1
"unmatched",1
"unreason",1
"unreasonable",1
"untied",1
"until",29
"unto",22
"untrodden",1
"untwisted",1
"unused",1
"unvexed",1
"unwitting",1
"unwittingly",1
"up",82
"upbore",1
"upbuilded",1
"upbuilt",1
"upheld",3
"upland",3
"uplifted",2
"uplifting",1
"upon",528
"upper",2
"upward",5
"upwards",1
"urgent",1
"us",27
"usage",2
"use",5
"used",7
"usnach",2
"utter",2
"utterance",1
"uttered",3
"uttering",1
"utterly",7
"vain",5
"vale",1
"valeh",1
"valley",10
"valleys",1
"vanish",1
"vanished",8
"vanishing",1
"vanisht",1
"vantage",2
"veil",5
"venom",2
"verily",4
"veritable",1
"verities",2
"verse",3
"verses",2
"very",24
"vexed",3
"vile",2
"village",7
"villainy",1
"vincent",13
"vincentius",1
"virtue",1
"virtues",1
"visible",1
"vision",17
"visions",7
"visor",2
"visored",1
"voice",52
"voices",10
"void",9
"volsungs",1
"vowed",1
"vows",1
"voyage",1
"voyaged",1
"voyaging",1
"wages",1
"wait",3
"waited",2
"waiting",4
"wakened",1
"waking",3
"walk",5
"walked",8
"walking",6
"wall",23
"wallet",1
"walls",15
"wandered",4
"wanderer",1
"wandering",11
"wanes",1
"wanted",1
"wantoned",1
"war",8
"war-cry",1
"warfare",1
"warily",8
"warm",5
"warmly",1
"warned",1
"warped",1
"wars",4
"was",1161
"wash",1
"wasps",1
"waste",1
"wasted",1
"watch",9
"watch-night",1
"watched",3
"watching",8
"water",57
"waterfall",2
"waters",1
"wattled",1
"waved",1
"wavered",1
"wavering",1
"waves",1
"waxen",1
"waxing",2
"way",72
"wayfarers",2
"ways",7
"wayward",2
"waywardly",2
"we",49
"we'll",1
"weak",2
"wealth",1
"weapons",1
"wear",1
"wearied",4
"wearily",1
"weariness",19
"wearing",1
"weary",11
"weaved",2
"wed",1
"wedded",10
"wedding",3
"weep",2
"weeping",6
"weight",4
"weir",2
"welcome",2
"well",73
"well-a-way",1
"well-begone",1
"well-beseen",1
"well-head",6
"well-nigh",2
"well-spring",2
"wellnigh",4
"wellspring",1
"went",259
"wept",9
"were",447
"west",4
"westering",1
"western",1
"westward",2
"wet",1
"what",109
"whatsoever",1
"wheaten",2
"wheeling",4
"when",257
"whence",6
"whenever",1
"whensoever",1
"where",63
"whereas",4
"whereby",20
"wherefore",7
"wherefrom",3
"wherein",15
"whereof",5
"whereon",2
"whereto",3
"wherever",1
"wherewith",3
"whether",18
"which",209
"while",28
"whiles",5
"whirled",2
"whirling",1
"whirlpool",1
"whispered",1
"whispering",1
"whit",2
"white",36
"whither",15
"who",18
"whole",9
"wholly",9
"whom",19
"whomsoever",1
"whose",6
"whosoever",1
"why",4
"wicket",2
"wide",14
"width",2
"wife",5
"wild",8
"wilderness",1
"wildfire",1
"wildwood",3
"wilfully",1
"will",97
"willing",7
"willingly",4
"willows",2
"win",2
"wind",35
"winding",1
"window",27
"windows",5
"winds",1
"windy-blown",1
"wine",12
"wing",1
"wings",12
"winter",7
"wisdom",6
"wise",14
"wisest",1
"wish",1
"wished",1
"wisps",2
"wit",2
"witch-knot",1
"witchcraft",1
"witchery",1
"witchknot",2
"with",471
"within",105
"without",61
"witless",1
"witness",2
"witnesses",1
"witnessing",1
"wits",6
"wizard",1
"woke",1
"wold",2
"wolf",1
"woman",14
"woman's",1
"womanhood",1
"womanly",1
"women",15
"won",2
"wonder",4
"wondered",2
"wondering",2
"wood",44
"wood-knife",1
"woodside",3
"wool",1
"wool-begrown",1
"woolly",1
"word",31
"words",54
"wore",1
"work",8
"worked",2
"working",1
"world",25
"world's",2
"worldly",1
"worn",2
"worse",1
"worst",1
"worsted",1
"worth",3
"would",126
"wounded",2
"wounding",1
"wounds",1
"woven",1
"wrapt",1
"wrath",2
"wreath",1
"wrestlers",1
"wrist",1
"written",1
"wrong",4
"wrong-doers",2
"wrongs",1
"yards",1
"yea",13
"year",13
"years",13
"yellow",2
"yellowed",2
"yellowing",1
"yesterday",3
"yet",180
"yield",1
"yielded",2
"yielden",1
"yonder",3
"you",225
"young",37
"younger",3
"youngling",1
"your",81
"yours",10
"yourself",2
"yourselves",1
"youth",14
"youths",1
"yule",1
"ywain",565
"ywain's",32
